NUMBER_OF_SALES,NUMBER_OF_UNIQUE_PRODUCTS,NUMBER_OF_STORES,TRANSACTION_DATE,DAY_OF_MONTH,MONTH_NAME,DAY_OF_WEEK,MONTH_ID,TIME_BUCKETS,REVENUE,DAY_CATEGORY
156,52,3,2023-01-01,1,Jan,0,202301,Morning,716.90,Weekday
256,50,3,2023-01-01,1,Jan,0,202301,Afternoon,1141.05,Weekday
138,50,3,2023-01-01,1,Jan,0,202301,Evening,650.25,Weekday
154,50,3,2023-01-02,2,Jan,1,202301,Morning,633.90,Weekday
131,50,3,2023-01-02,2,Jan,1,202301,Evening,582.25,Weekday
161,48,3,2023-01-03,3,Jan,2,202301,Morning,731.95,Weekday
287,52,3,2023-01-03,3,Jan,2,202301,Afternoon,1276.90,Weekday
134,48,3,2023-01-03,3,Jan,2,202301,Evening,556.15,Weekday
120,45,3,2023-01-04,4,Jan,3,202301,Morning,538.00,Weekday
241,51,3,2023-01-04,4,Jan,3,202301,Afternoon,1108.00,Weekday
136,49,3,2023-01-04,4,Jan,3,202301,Evening,574.10,Weekday
156,50,3,2023-01-05,5,Jan,4,202301,Morning,656.25,Weekday
278,51,3,2023-01-05,5,Jan,4,202301,Afternoon,1245.50,Weekday
155,50,3,2023-01-06,6,Jan,5,202301,Morning,668.70,Weekday
245,51,3,2023-01-06,6,Jan,5,202301,Afternoon,1102.75,Weekday
109,45,3,2023-01-06,6,Jan,5,202301,Evening,502.40,Weekday
110,47,3,2023-01-07,7,Jan,6,202301,Afternoon,476.40,Weekday
77,39,2,2023-01-07,7,Jan,6,202301,Evening,334.40,Weekday
12,9,1,2023-01-07,7,Jan,6,202301,Night,51.65,Weekday
281,52,3,2023-01-02,2,Jan,1,202301,Afternoon,1187.20,Weekday
324,66,3,2023-01-08,8,Jan,0,202301,Morning,1541.45,Weekday
147,50,3,2023-01-08,8,Jan,0,202301,Afternoon,641.73,Weekday
81,49,3,2023-01-08,8,Jan,0,202301,Evening,415.95,Weekday
383,68,3,2023-01-09,9,Jan,1,202301,Morning,1887.64,Weekday
106,47,3,2023-01-09,9,Jan,1,202301,Afternoon,506.07,Weekday
60,39,3,2023-01-09,9,Jan,1,202301,Evening,276.90,Weekday
2,2,1,2023-01-09,9,Jan,1,202301,Night,6.00,Weekday
423,67,3,2023-01-10,10,Jan,2,202301,Morning,1873.35,Weekday
130,55,3,2023-01-10,10,Jan,2,202301,Afternoon,589.55,Weekday
49,33,3,2023-01-10,10,Jan,2,202301,Evening,222.75,Weekday
124,53,3,2023-01-12,12,Jan,4,202301,Afternoon,534.95,Weekday
417,67,3,2023-01-13,13,Jan,5,202301,Morning,1931.80,Weekday
7,7,1,2023-01-13,13,Jan,5,202301,Night,33.10,Weekday
391,72,3,2023-01-14,14,Jan,6,202301,Morning,1811.18,Weekday
72,42,3,2023-01-14,14,Jan,6,202301,Evening,302.55,Weekday
433,73,3,2023-01-15,15,Jan,0,202301,Morning,2037.93,Weekday
74,46,3,2023-01-11,11,Jan,3,202301,Evening,330.40,Weekday
9,9,1,2023-01-14,14,Jan,6,202301,Night,51.53,Weekday
82,41,3,2023-01-15,15,Jan,0,202301,Evening,471.30,Weekday
45,30,3,2023-01-17,17,Jan,2,202301,Evening,250.20,Weekday
406,69,3,2023-01-18,18,Jan,3,202301,Morning,1923.33,Weekday
133,55,3,2023-01-19,19,Jan,4,202301,Afternoon,605.50,Weekday
67,44,3,2023-01-19,19,Jan,4,202301,Evening,322.80,Weekday
63,40,3,2023-01-21,21,Jan,6,202301,Evening,337.15,Weekday
10,10,1,2023-01-20,20,Jan,5,202301,Night,61.15,Weekday
147,51,3,2023-01-22,22,Jan,0,202301,Afternoon,684.00,Weekday
191,54,3,2023-01-24,24,Jan,2,202301,Afternoon,861.20,Weekday
164,53,3,2023-01-26,26,Jan,4,202301,Afternoon,732.80,Weekday
94,49,3,2023-01-26,26,Jan,4,202301,Evening,462.43,Weekday
324,64,3,2023-01-27,27,Jan,5,202301,Morning,1534.45,Weekday
207,51,3,2023-01-29,29,Jan,0,202301,Afternoon,908.00,Weekday
283,64,3,2023-01-30,30,Jan,1,202301,Morning,1446.38,Weekday
183,50,3,2023-01-28,28,Jan,6,202301,Morning,779.35,Weekday
139,46,3,2023-02-01,1,Feb,3,202302,Morning,624.50,Weekday
275,52,3,2023-02-01,1,Feb,3,202302,Afternoon,1221.75,Weekday
154,47,3,2023-02-03,3,Feb,5,202302,Morning,672.60,Weekday
136,51,3,2023-02-03,3,Feb,5,202302,Evening,587.05,Weekday
86,45,2,2023-02-07,7,Feb,2,202302,Evening,378.35,Weekday
45,31,3,2023-02-18,18,Feb,6,202302,Evening,236.60,Weekday
184,58,3,2023-02-22,22,Feb,3,202302,Afternoon,897.80,Weekday
320,63,3,2023-02-23,23,Feb,4,202302,Morning,1662.86,Weekday
295,52,3,2023-03-01,1,Mar,3,202303,Afternoon,1328.35,Weekday
476,72,3,2023-03-09,9,Mar,4,202303,Morning,2307.89,Weekday
466,69,3,2023-03-13,13,Mar,1,202303,Morning,2243.20,Weekday
113,45,3,2023-01-05,5,Jan,4,202301,Evening,517.10,Weekday
363,64,3,2023-01-07,7,Jan,6,202301,Morning,1757.20,Weekday
363,64,3,2023-01-11,11,Jan,3,202301,Morning,1655.05,Weekday
124,53,3,2023-01-11,11,Jan,3,202301,Afternoon,570.30,Weekday
336,62,3,2023-01-12,12,Jan,4,202301,Morning,1449.65,Weekday
132,58,3,2023-01-13,13,Jan,5,202301,Afternoon,700.55,Weekday
69,40,3,2023-01-13,13,Jan,5,202301,Evening,368.15,Weekday
105,53,3,2023-01-14,14,Jan,6,202301,Afternoon,517.25,Weekday
148,54,3,2023-01-15,15,Jan,0,202301,Afternoon,658.48,Weekday
423,69,3,2023-01-16,16,Jan,1,202301,Morning,1941.51,Weekday
66,35,3,2023-01-16,16,Jan,1,202301,Evening,300.05,Weekday
381,66,3,2023-01-17,17,Jan,2,202301,Morning,2484.60,Weekday
106,49,3,2023-01-17,17,Jan,2,202301,Afternoon,551.00,Weekday
129,50,3,2023-01-18,18,Jan,3,202301,Afternoon,563.73,Weekday
53,32,3,2023-01-18,18,Jan,3,202301,Evening,248.90,Weekday
416,68,3,2023-01-19,19,Jan,4,202301,Morning,1985.38,Weekday
75,41,3,2023-01-20,20,Jan,5,202301,Evening,339.68,Weekday
400,70,3,2023-01-21,21,Jan,6,202301,Morning,2049.15,Weekday
127,55,3,2023-01-21,21,Jan,6,202301,Afternoon,663.85,Weekday
7,7,1,2023-01-21,21,Jan,6,202301,Night,32.70,Weekday
78,44,3,2023-01-22,22,Jan,0,202301,Evening,360.70,Weekday
170,56,3,2023-01-23,23,Jan,1,202301,Afternoon,798.45,Weekday
102,49,3,2023-01-23,23,Jan,1,202301,Evening,464.75,Weekday
329,67,3,2023-01-24,24,Jan,2,202301,Morning,1653.75,Weekday
68,40,3,2023-01-24,24,Jan,2,202301,Evening,354.00,Weekday
318,64,3,2023-01-25,25,Jan,3,202301,Morning,1606.95,Weekday
189,59,3,2023-01-25,25,Jan,3,202301,Afternoon,868.80,Weekday
76,45,3,2023-01-25,25,Jan,3,202301,Evening,370.80,Weekday
328,66,3,2023-01-26,26,Jan,4,202301,Morning,1667.80,Weekday
156,53,3,2023-01-27,27,Jan,5,202301,Afternoon,763.10,Weekday
96,49,3,2023-01-27,27,Jan,5,202301,Evening,436.20,Weekday
3,3,1,2023-01-27,27,Jan,5,202301,Night,8.35,Weekday
202,50,3,2023-01-28,28,Jan,6,202301,Afternoon,897.40,Weekday
179,51,3,2023-01-29,29,Jan,0,202301,Morning,801.60,Weekday
73,42,3,2023-01-29,29,Jan,0,202301,Evening,351.15,Weekday
134,55,3,2023-01-30,30,Jan,1,202301,Afternoon,721.13,Weekday
61,36,3,2023-01-30,30,Jan,1,202301,Evening,293.90,Weekday
304,68,3,2023-01-31,31,Jan,2,202301,Morning,1562.53,Weekday
106,50,3,2023-01-31,31,Jan,2,202301,Afternoon,534.60,Weekday
3,3,2,2023-01-31,31,Jan,2,202301,Night,13.95,Weekday
132,49,3,2023-02-01,1,Feb,3,202302,Evening,620.05,Weekday
285,52,3,2023-02-02,2,Feb,4,202302,Afternoon,1220.25,Weekday
136,49,3,2023-02-02,2,Feb,4,202302,Evening,611.95,Weekday
174,51,3,2023-02-04,4,Feb,6,202302,Morning,748.25,Weekday
167,48,3,2023-02-05,5,Feb,0,202302,Morning,711.75,Weekday
252,52,3,2023-02-05,5,Feb,0,202302,Afternoon,1092.05,Weekday
114,41,3,2023-02-05,5,Feb,0,202302,Evening,500.90,Weekday
235,52,3,2023-02-06,6,Feb,1,202302,Afternoon,1067.90,Weekday
136,49,3,2023-02-04,4,Feb,6,202302,Evening,561.45,Weekday
14,12,1,2023-02-07,7,Feb,2,202302,Night,64.65,Weekday
329,65,3,2023-02-08,8,Feb,3,202302,Morning,1502.65,Weekday
176,57,3,2023-02-08,8,Feb,3,202302,Afternoon,845.43,Weekday
89,46,3,2023-02-08,8,Feb,3,202302,Evening,394.70,Weekday
385,63,3,2023-02-09,9,Feb,4,202302,Morning,1722.37,Weekday
65,42,3,2023-02-09,9,Feb,4,202302,Evening,296.44,Weekday
5,5,1,2023-02-09,9,Feb,4,202302,Night,13.71,Weekday
434,66,3,2023-02-10,10,Feb,5,202302,Morning,1941.45,Weekday
135,53,3,2023-02-10,10,Feb,5,202302,Afternoon,664.65,Weekday
368,64,3,2023-02-11,11,Feb,6,202302,Morning,1644.78,Weekday
87,45,3,2023-02-12,12,Feb,0,202302,Evening,413.25,Weekday
393,61,3,2023-02-13,13,Feb,1,202302,Morning,1803.58,Weekday
64,48,3,2023-02-11,11,Feb,6,202302,Evening,293.38,Weekday
132,56,3,2023-02-13,13,Feb,1,202302,Afternoon,707.45,Weekday
60,36,3,2023-02-13,13,Feb,1,202302,Evening,296.65,Weekday
426,69,3,2023-02-15,15,Feb,3,202302,Morning,1994.65,Weekday
150,57,3,2023-02-16,16,Feb,4,202302,Afternoon,675.70,Weekday
352,62,3,2023-02-17,17,Feb,5,202302,Morning,1526.80,Weekday
124,51,3,2023-02-17,17,Feb,5,202302,Afternoon,527.05,Weekday
405,71,3,2023-02-18,18,Feb,6,202302,Morning,1957.78,Weekday
144,54,3,2023-02-18,18,Feb,6,202302,Afternoon,671.10,Weekday
458,68,3,2023-02-19,19,Feb,0,202302,Morning,2186.95,Weekday
77,45,3,2023-02-19,19,Feb,0,202302,Evening,327.45,Weekday
131,51,3,2023-02-21,21,Feb,2,202302,Afternoon,700.45,Weekday
78,43,3,2023-02-23,23,Feb,4,202302,Evening,361.45,Weekday
338,65,3,2023-02-25,25,Feb,6,202302,Morning,1696.40,Weekday
311,64,3,2023-02-26,26,Feb,0,202302,Morning,1575.10,Weekday
168,55,3,2023-02-27,27,Feb,1,202302,Afternoon,887.70,Weekday
121,48,3,2023-02-28,28,Feb,2,202302,Evening,535.85,Weekday
329,51,3,2023-03-02,2,Mar,4,202303,Afternoon,1467.10,Weekday
344,52,3,2023-03-03,3,Mar,5,202303,Afternoon,1545.60,Weekday
328,52,3,2023-03-04,4,Mar,6,202303,Afternoon,1468.40,Weekday
139,49,3,2023-03-04,4,Mar,6,202303,Evening,603.30,Weekday
297,52,3,2023-03-05,5,Mar,0,202303,Afternoon,1321.50,Weekday
175,51,3,2023-03-05,5,Mar,0,202303,Evening,758.30,Weekday
126,48,3,2023-03-06,6,Mar,1,202303,Evening,566.20,Weekday
388,63,3,2023-03-07,7,Mar,2,202303,Morning,1786.85,Weekday
99,48,2,2023-03-07,7,Mar,2,202303,Evening,427.05,Weekday
414,68,3,2023-03-08,8,Mar,3,202303,Morning,1950.28,Weekday
5,5,1,2023-03-09,9,Mar,4,202303,Night,20.06,Weekday
176,60,3,2023-03-10,10,Mar,5,202303,Afternoon,758.05,Weekday
167,59,3,2023-03-11,11,Mar,6,202303,Afternoon,815.10,Weekday
89,47,3,2023-03-11,11,Mar,6,202303,Evening,393.65,Weekday
100,44,3,2023-03-12,12,Mar,0,202303,Evening,469.90,Weekday
192,64,3,2023-03-13,13,Mar,1,202303,Afternoon,1035.75,Weekday
126,59,3,2023-03-14,14,Mar,2,202303,Afternoon,654.80,Weekday
8,8,1,2023-03-14,14,Mar,2,202303,Night,36.25,Weekday
480,71,3,2023-03-15,15,Mar,3,202303,Morning,2211.00,Weekday
148,56,3,2023-03-17,17,Mar,5,202303,Afternoon,627.85,Weekday
494,74,3,2023-03-18,18,Mar,6,202303,Morning,2290.06,Weekday
169,58,3,2023-03-20,20,Mar,1,202303,Afternoon,773.65,Weekday
417,69,3,2023-03-21,21,Mar,2,202303,Morning,2075.85,Weekday
151,57,3,2023-03-21,21,Mar,2,202303,Afternoon,709.50,Weekday
388,66,3,2023-03-25,25,Mar,6,202303,Morning,1991.05,Weekday
98,47,3,2023-03-25,25,Mar,6,202303,Evening,449.10,Weekday
85,43,3,2023-03-30,30,Mar,4,202303,Evening,363.85,Weekday
398,68,3,2023-03-31,31,Mar,5,202303,Morning,1843.73,Weekday
2,2,1,2023-03-31,31,Mar,5,202303,Night,8.50,Weekday
10,9,1,2023-01-08,8,Jan,0,202301,Night,39.40,Weekday
74,39,3,2023-01-12,12,Jan,4,202301,Evening,343.10,Weekday
138,54,3,2023-01-16,16,Jan,1,202301,Afternoon,587.60,Weekday
136,57,3,2023-01-20,20,Jan,5,202301,Afternoon,654.75,Weekday
266,63,3,2023-01-22,22,Jan,0,202301,Morning,1322.63,Weekday
357,67,3,2023-01-20,20,Jan,5,202301,Morning,1548.15,Weekday
317,65,3,2023-01-23,23,Jan,1,202301,Morning,1589.95,Weekday
85,40,3,2023-01-28,28,Jan,6,202301,Evening,360.35,Weekday
3,3,2,2023-01-30,30,Jan,1,202301,Night,15.00,Weekday
49,30,3,2023-01-31,31,Jan,2,202301,Evening,223.05,Weekday
148,48,3,2023-02-02,2,Feb,4,202302,Morning,674.70,Weekday
296,52,3,2023-02-03,3,Feb,5,202302,Afternoon,1331.80,Weekday
274,52,3,2023-02-04,4,Feb,6,202302,Afternoon,1242.00,Weekday
134,46,3,2023-02-06,6,Feb,1,202302,Morning,580.00,Weekday
120,47,3,2023-02-06,6,Feb,1,202302,Evening,555.50,Weekday
109,51,3,2023-02-07,7,Feb,2,202302,Afternoon,468.05,Weekday
5,4,1,2023-02-08,8,Feb,3,202302,Night,19.65,Weekday
107,50,3,2023-02-09,9,Feb,4,202302,Afternoon,578.11,Weekday
66,41,3,2023-02-10,10,Feb,5,202302,Evening,295.50,Weekday
135,52,3,2023-02-11,11,Feb,6,202302,Afternoon,588.58,Weekday
374,69,3,2023-02-12,12,Feb,0,202302,Morning,1783.85,Weekday
146,56,3,2023-02-12,12,Feb,0,202302,Afternoon,696.90,Weekday
8,8,1,2023-02-13,13,Feb,1,202302,Night,37.80,Weekday
422,72,3,2023-02-14,14,Feb,2,202302,Morning,1889.93,Weekday
88,51,3,2023-02-14,14,Feb,2,202302,Afternoon,431.50,Weekday
66,41,3,2023-02-14,14,Feb,2,202302,Evening,303.25,Weekday
11,9,1,2023-02-14,14,Feb,2,202302,Night,49.25,Weekday
127,53,3,2023-02-15,15,Feb,3,202302,Afternoon,563.30,Weekday
419,71,3,2023-02-16,16,Feb,4,202302,Morning,1992.03,Weekday
70,40,3,2023-02-16,16,Feb,4,202302,Evening,355.60,Weekday
58,34,3,2023-02-17,17,Feb,5,202302,Evening,246.90,Weekday
408,71,3,2023-02-20,20,Feb,1,202302,Morning,1875.35,Weekday
140,57,3,2023-02-20,20,Feb,1,202302,Afternoon,650.95,Weekday
13,10,1,2023-02-20,20,Feb,1,202302,Night,72.25,Weekday
57,33,3,2023-02-21,21,Feb,2,202302,Evening,267.45,Weekday
11,9,1,2023-02-21,21,Feb,2,202302,Night,49.55,Weekday
313,61,3,2023-02-22,22,Feb,3,202302,Morning,1640.60,Weekday
157,56,3,2023-02-23,23,Feb,4,202302,Afternoon,721.90,Weekday
336,65,3,2023-02-24,24,Feb,5,202302,Morning,1650.65,Weekday
192,54,3,2023-02-24,24,Feb,5,202302,Afternoon,932.30,Weekday
75,39,3,2023-02-24,24,Feb,5,202302,Evening,357.75,Weekday
166,58,3,2023-02-25,25,Feb,6,202302,Afternoon,758.35,Weekday
72,44,3,2023-02-25,25,Feb,6,202302,Evening,368.80,Weekday
196,57,3,2023-02-26,26,Feb,0,202302,Afternoon,968.55,Weekday
94,43,3,2023-02-26,26,Feb,0,202302,Evening,413.10,Weekday
391,63,3,2023-02-27,27,Feb,1,202302,Morning,1854.55,Weekday
84,42,3,2023-02-22,22,Feb,3,202302,Evening,390.30,Weekday
92,46,3,2023-02-27,27,Feb,1,202302,Evening,377.20,Weekday
12,12,1,2023-02-27,27,Feb,1,202302,Night,40.55,Weekday
188,50,3,2023-02-28,28,Feb,2,202302,Morning,867.20,Weekday
202,52,3,2023-02-28,28,Feb,2,202302,Afternoon,908.05,Weekday
208,52,3,2023-03-01,1,Mar,3,202303,Morning,969.40,Weekday
158,49,3,2023-03-01,1,Mar,3,202303,Evening,742.50,Weekday
197,50,3,2023-03-03,3,Mar,5,202303,Morning,876.10,Weekday
169,49,3,2023-03-03,3,Mar,5,202303,Evening,733.45,Weekday
157,47,3,2023-03-04,4,Mar,6,202303,Morning,710.20,Weekday
177,49,3,2023-03-06,6,Mar,1,202303,Morning,777.40,Weekday
284,52,3,2023-03-06,6,Mar,1,202303,Afternoon,1274.45,Weekday
132,51,3,2023-03-07,7,Mar,2,202303,Afternoon,549.85,Weekday
10,9,1,2023-03-07,7,Mar,2,202303,Night,39.75,Weekday
198,60,3,2023-03-08,8,Mar,3,202303,Afternoon,927.18,Weekday
124,58,3,2023-03-08,8,Mar,3,202303,Evening,618.95,Weekday
6,6,1,2023-03-08,8,Mar,3,202303,Night,26.85,Weekday
138,56,3,2023-03-09,9,Mar,4,202303,Afternoon,645.76,Weekday
103,53,3,2023-03-09,9,Mar,4,202303,Evening,486.26,Weekday
87,49,3,2023-03-10,10,Mar,5,202303,Evening,421.55,Weekday
433,67,3,2023-03-11,11,Mar,6,202303,Morning,2002.90,Weekday
423,68,3,2023-03-12,12,Mar,0,202303,Morning,1949.78,Weekday
144,57,3,2023-03-12,12,Mar,0,202303,Afternoon,668.65,Weekday
59,39,3,2023-03-13,13,Mar,1,202303,Evening,288.05,Weekday
479,73,3,2023-03-14,14,Mar,2,202303,Morning,2227.51,Weekday
78,45,3,2023-03-14,14,Mar,2,202303,Evening,394.10,Weekday
160,62,3,2023-03-15,15,Mar,3,202303,Afternoon,729.33,Weekday
81,41,3,2023-03-15,15,Mar,3,202303,Evening,397.70,Weekday
497,69,3,2023-03-16,16,Mar,4,202303,Morning,2199.41,Weekday
175,59,3,2023-03-16,16,Mar,4,202303,Afternoon,783.85,Weekday
86,41,3,2023-03-16,16,Mar,4,202303,Evening,402.85,Weekday
485,70,3,2023-03-17,17,Mar,5,202303,Morning,2255.55,Weekday
60,36,3,2023-03-17,17,Mar,5,202303,Evening,298.35,Weekday
176,58,3,2023-03-18,18,Mar,6,202303,Afternoon,816.55,Weekday
61,43,3,2023-03-18,18,Mar,6,202303,Evening,301.75,Weekday
491,72,3,2023-03-19,19,Mar,0,202303,Morning,2292.63,Weekday
160,54,3,2023-03-19,19,Mar,0,202303,Afternoon,669.80,Weekday
74,39,3,2023-03-19,19,Mar,0,202303,Evening,377.60,Weekday
483,72,3,2023-03-20,20,Mar,1,202303,Morning,2127.45,Weekday
76,42,3,2023-03-20,20,Mar,1,202303,Evening,330.03,Weekday
7,7,1,2023-03-20,20,Mar,1,202303,Night,31.15,Weekday
69,41,3,2023-03-21,21,Mar,2,202303,Evening,336.15,Weekday
13,11,1,2023-03-21,21,Mar,2,202303,Night,88.30,Weekday
373,68,3,2023-03-22,22,Mar,3,202303,Morning,1891.68,Weekday
198,55,3,2023-03-22,22,Mar,3,202303,Afternoon,948.58,Weekday
98,48,3,2023-03-22,22,Mar,3,202303,Evening,443.85,Weekday
375,67,3,2023-03-23,23,Mar,4,202303,Morning,1932.43,Weekday
203,55,3,2023-03-23,23,Mar,4,202303,Afternoon,873.55,Weekday
116,49,3,2023-03-23,23,Mar,4,202303,Evening,555.15,Weekday
412,64,3,2023-03-24,24,Mar,5,202303,Morning,2075.40,Weekday
210,57,3,2023-03-24,24,Mar,5,202303,Afternoon,1037.65,Weekday
96,47,3,2023-03-24,24,Mar,5,202303,Evening,473.15,Weekday
202,56,3,2023-03-25,25,Mar,6,202303,Afternoon,940.80,Weekday
392,65,3,2023-03-26,26,Mar,0,202303,Morning,1995.10,Weekday
187,54,3,2023-03-26,26,Mar,0,202303,Afternoon,896.00,Weekday
92,47,3,2023-03-26,26,Mar,0,202303,Evening,419.73,Weekday
440,60,3,2023-03-27,27,Mar,1,202303,Morning,2080.85,Weekday
208,60,3,2023-03-27,27,Mar,1,202303,Afternoon,1078.30,Weekday
108,48,3,2023-03-27,27,Mar,1,202303,Evening,482.50,Weekday
8,7,1,2023-03-27,27,Mar,1,202303,Night,32.70,Weekday
234,51,3,2023-03-28,28,Mar,2,202303,Morning,1067.00,Weekday
262,52,3,2023-03-28,28,Mar,2,202303,Afternoon,1195.55,Weekday
130,50,3,2023-03-28,28,Mar,2,202303,Evening,530.00,Weekday
216,51,3,2023-03-29,29,Mar,3,202303,Morning,901.10,Weekday
250,51,3,2023-03-29,29,Mar,3,202303,Afternoon,1085.95,Weekday
411,64,3,2023-03-30,30,Mar,4,202303,Morning,1885.67,Weekday
140,56,3,2023-03-30,30,Mar,4,202303,Afternoon,671.45,Weekday
3,3,1,2023-03-30,30,Mar,4,202303,Night,11.85,Weekday
131,50,3,2023-03-31,31,Mar,5,202303,Afternoon,638.40,Weekday
84,42,3,2023-03-31,31,Mar,5,202303,Evening,397.45,Weekday
227,52,3,2023-04-01,1,Apr,6,202304,Morning,1020.25,Weekday
186,51,3,2023-04-02,2,Apr,0,202304,Morning,829.45,Weekday
214,52,3,2023-04-02,2,Apr,0,202304,Evening,954.85,Weekday
380,52,3,2023-04-03,3,Apr,1,202304,Afternoon,1681.75,Weekday
186,49,3,2023-04-03,3,Apr,1,202304,Evening,788.10,Weekday
213,49,3,2023-04-04,4,Apr,2,202304,Morning,927.45,Weekday
193,49,3,2023-04-04,4,Apr,2,202304,Evening,846.85,Weekday
256,51,3,2023-04-05,5,Apr,3,202304,Morning,1097.10,Weekday
337,63,3,2023-02-07,7,Feb,2,202302,Morning,1523.50,Weekday
71,41,3,2023-02-15,15,Feb,3,202302,Evening,370.10,Weekday
157,57,3,2023-02-19,19,Feb,0,202302,Afternoon,705.20,Weekday
67,41,3,2023-02-20,20,Feb,1,202302,Evening,285.08,Weekday
356,66,3,2023-02-21,21,Feb,2,202302,Morning,1766.08,Weekday
169,49,3,2023-03-02,2,Mar,4,202303,Morning,748.20,Weekday
175,50,3,2023-03-02,2,Mar,4,202303,Evening,780.75,Weekday
203,50,3,2023-03-05,5,Mar,0,202303,Morning,865.50,Weekday
487,69,3,2023-03-10,10,Mar,5,202303,Morning,2261.98,Weekday
13,13,1,2023-03-13,13,Mar,1,202303,Night,60.65,Weekday
116,45,3,2023-03-29,29,Mar,3,202303,Evening,504.95,Weekday
396,52,3,2023-04-01,1,Apr,6,202304,Afternoon,1731.55,Weekday
207,51,3,2023-04-01,1,Apr,6,202304,Evening,948.10,Weekday
402,52,3,2023-04-02,2,Apr,0,202304,Afternoon,1791.55,Weekday
248,52,3,2023-04-03,3,Apr,1,202304,Morning,1135.10,Weekday
347,52,3,2023-04-04,4,Apr,2,202304,Afternoon,1553.00,Weekday
364,52,3,2023-04-05,5,Apr,3,202304,Afternoon,1599.70,Weekday
194,52,3,2023-04-05,5,Apr,3,202304,Evening,855.90,Weekday
214,49,3,2023-04-06,6,Apr,4,202304,Morning,893.75,Weekday
337,52,3,2023-04-06,6,Apr,4,202304,Afternoon,1535.30,Weekday
188,51,3,2023-04-06,6,Apr,4,202304,Evening,821.15,Weekday
496,64,3,2023-04-07,7,Apr,5,202304,Morning,2360.85,Weekday
185,56,3,2023-04-07,7,Apr,5,202304,Afternoon,797.55,Weekday
107,47,2,2023-04-07,7,Apr,5,202304,Evening,466.55,Weekday
14,13,1,2023-04-07,7,Apr,5,202304,Night,57.85,Weekday
518,70,3,2023-04-08,8,Apr,6,202304,Morning,2495.08,Weekday
274,64,3,2023-04-08,8,Apr,6,202304,Afternoon,1321.13,Weekday
136,58,3,2023-04-08,8,Apr,6,202304,Evening,728.35,Weekday
5,5,1,2023-04-08,8,Apr,6,202304,Night,28.50,Weekday
559,71,3,2023-04-09,9,Apr,0,202304,Morning,2720.00,Weekday
181,59,3,2023-04-09,9,Apr,0,202304,Afternoon,887.93,Weekday
105,56,3,2023-04-09,9,Apr,0,202304,Evening,473.80,Weekday
3,3,1,2023-04-09,9,Apr,0,202304,Night,7.15,Weekday
618,70,3,2023-04-10,10,Apr,1,202304,Morning,2867.75,Weekday
197,64,3,2023-04-10,10,Apr,1,202304,Afternoon,878.55,Weekday
98,49,3,2023-04-10,10,Apr,1,202304,Evening,474.00,Weekday
564,70,3,2023-04-11,11,Apr,2,202304,Morning,2536.38,Weekday
204,57,3,2023-04-11,11,Apr,2,202304,Afternoon,874.78,Weekday
96,50,3,2023-04-11,11,Apr,2,202304,Evening,441.70,Weekday
514,72,3,2023-04-12,12,Apr,3,202304,Morning,2378.68,Weekday
231,65,3,2023-04-12,12,Apr,3,202304,Afternoon,1130.95,Weekday
122,54,3,2023-04-12,12,Apr,3,202304,Evening,530.55,Weekday
577,67,3,2023-04-13,13,Apr,4,202304,Morning,2686.63,Weekday
180,60,3,2023-04-13,13,Apr,4,202304,Afternoon,906.40,Weekday
100,48,3,2023-04-13,13,Apr,4,202304,Evening,462.65,Weekday
13,12,1,2023-04-13,13,Apr,4,202304,Night,58.85,Weekday
549,74,3,2023-04-14,14,Apr,5,202304,Morning,2696.77,Weekday
153,60,3,2023-04-14,14,Apr,5,202304,Afternoon,774.60,Weekday
15,14,1,2023-04-14,14,Apr,5,202304,Night,97.93,Weekday
601,71,3,2023-04-15,15,Apr,6,202304,Morning,2881.46,Weekday
185,60,3,2023-04-15,15,Apr,6,202304,Afternoon,831.08,Weekday
95,48,3,2023-04-15,15,Apr,6,202304,Evening,409.25,Weekday
687,73,3,2023-04-16,16,Apr,0,202304,Morning,3207.84,Weekday
215,61,3,2023-04-16,16,Apr,0,202304,Afternoon,888.90,Weekday
87,40,3,2023-04-16,16,Apr,0,202304,Evening,403.65,Weekday
570,70,3,2023-04-17,17,Apr,1,202304,Morning,3260.80,Weekday
152,57,3,2023-04-17,17,Apr,1,202304,Afternoon,703.35,Weekday
73,42,3,2023-04-17,17,Apr,1,202304,Evening,367.95,Weekday
622,74,3,2023-04-18,18,Apr,2,202304,Morning,2974.04,Weekday
195,61,3,2023-04-18,18,Apr,2,202304,Afternoon,926.38,Weekday
93,51,3,2023-04-18,18,Apr,2,202304,Evening,453.65,Weekday
640,72,3,2023-04-19,19,Apr,3,202304,Morning,3000.31,Weekday
198,58,3,2023-04-19,19,Apr,3,202304,Afternoon,905.40,Weekday
83,45,3,2023-04-19,19,Apr,3,202304,Evening,412.60,Weekday
208,63,3,2023-04-20,20,Apr,4,202304,Afternoon,956.60,Weekday
78,48,3,2023-04-20,20,Apr,4,202304,Evening,355.40,Weekday
11,11,1,2023-04-20,20,Apr,4,202304,Night,80.75,Weekday
529,71,3,2023-04-21,21,Apr,5,202304,Morning,2643.18,Weekday
174,61,3,2023-04-21,21,Apr,5,202304,Afternoon,866.05,Weekday
91,46,3,2023-04-21,21,Apr,5,202304,Evening,433.80,Weekday
15,14,1,2023-04-21,21,Apr,5,202304,Night,62.35,Weekday
450,70,3,2023-04-22,22,Apr,6,202304,Morning,2318.30,Weekday
240,58,3,2023-04-22,22,Apr,6,202304,Afternoon,1149.88,Weekday
108,51,3,2023-04-22,22,Apr,6,202304,Evening,493.40,Weekday
496,69,3,2023-04-23,23,Apr,0,202304,Morning,2591.69,Weekday
234,60,3,2023-04-23,23,Apr,0,202304,Afternoon,1116.50,Weekday
125,52,3,2023-04-23,23,Apr,0,202304,Evening,613.10,Weekday
500,67,3,2023-04-24,24,Apr,1,202304,Morning,2408.55,Weekday
266,56,3,2023-04-24,24,Apr,1,202304,Afternoon,1241.05,Weekday
127,50,3,2023-04-24,24,Apr,1,202304,Evening,615.85,Weekday
481,69,3,2023-04-25,25,Apr,2,202304,Morning,2431.10,Weekday
256,61,3,2023-04-25,25,Apr,2,202304,Afternoon,1225.50,Weekday
126,50,3,2023-04-25,25,Apr,2,202304,Evening,598.40,Weekday
500,70,3,2023-04-26,26,Apr,3,202304,Morning,2581.95,Weekday
271,60,3,2023-04-26,26,Apr,3,202304,Afternoon,1330.10,Weekday
144,54,3,2023-04-26,26,Apr,3,202304,Evening,647.40,Weekday
518,59,3,2023-04-27,27,Apr,4,202304,Morning,2430.05,Weekday
273,57,3,2023-04-27,27,Apr,4,202304,Afternoon,1280.85,Weekday
150,55,3,2023-04-27,27,Apr,4,202304,Evening,663.75,Weekday
13,12,1,2023-04-27,27,Apr,4,202304,Night,52.45,Weekday
277,51,3,2023-04-28,28,Apr,5,202304,Morning,1229.55,Weekday
323,52,3,2023-04-28,28,Apr,5,202304,Afternoon,1436.55,Weekday
169,48,3,2023-04-28,28,Apr,5,202304,Evening,707.70,Weekday
223,52,3,2023-04-29,29,Apr,6,202304,Morning,951.30,Weekday
303,52,3,2023-04-29,29,Apr,6,202304,Afternoon,1336.45,Weekday
148,46,3,2023-04-29,29,Apr,6,202304,Evening,665.75,Weekday
486,68,3,2023-04-30,30,Apr,0,202304,Morning,2185.68,Weekday
215,58,3,2023-04-30,30,Apr,0,202304,Afternoon,939.45,Weekday
80,47,3,2023-04-30,30,Apr,0,202304,Evening,403.70,Weekday
4,4,1,2023-04-30,30,Apr,0,202304,Night,23.50,Weekday
308,52,3,2023-05-01,1,May,1,202305,Morning,1426.50,Weekday
488,52,3,2023-05-01,1,May,1,202305,Afternoon,2181.65,Weekday
266,51,3,2023-05-02,2,May,2,202305,Morning,1193.80,Weekday
506,52,3,2023-05-02,2,May,2,202305,Afternoon,2243.40,Weekday
254,51,3,2023-05-01,1,May,1,202305,Evening,1123.30,Weekday
268,52,3,2023-05-02,2,May,2,202305,Evening,1188.30,Weekday
326,52,3,2023-05-03,3,May,3,202305,Morning,1449.85,Weekday
485,52,3,2023-05-03,3,May,3,202305,Afternoon,2144.95,Weekday
265,50,3,2023-05-03,3,May,3,202305,Evening,1119.80,Weekday
265,50,3,2023-05-04,4,May,4,202305,Morning,1188.50,Weekday
508,52,3,2023-05-04,4,May,4,202305,Afternoon,2299.30,Weekday
256,52,3,2023-05-04,4,May,4,202305,Evening,1101.90,Weekday
489,52,3,2023-05-05,5,May,5,202305,Afternoon,2201.90,Weekday
256,52,3,2023-05-06,6,May,6,202305,Morning,1099.50,Weekday
469,52,3,2023-05-06,6,May,6,202305,Afternoon,2055.45,Weekday
230,52,3,2023-05-06,6,May,6,202305,Evening,1050.20,Weekday
217,55,3,2023-05-07,7,May,0,202305,Afternoon,943.80,Weekday
141,53,2,2023-05-07,7,May,0,202305,Evening,619.50,Weekday
668,69,3,2023-05-08,8,May,1,202305,Morning,3091.78,Weekday
340,64,3,2023-05-08,8,May,1,202305,Afternoon,1647.33,Weekday
8,8,1,2023-05-08,8,May,1,202305,Night,34.30,Weekday
718,70,3,2023-05-09,9,May,2,202305,Morning,3300.18,Weekday
236,63,3,2023-05-09,9,May,2,202305,Afternoon,1169.27,Weekday
136,55,3,2023-05-09,9,May,2,202305,Evening,615.07,Weekday
4,4,1,2023-05-09,9,May,2,202305,Night,16.45,Weekday
774,74,3,2023-05-10,10,May,3,202305,Morning,3533.93,Weekday
266,62,3,2023-05-10,10,May,3,202305,Afternoon,1161.75,Weekday
123,52,3,2023-05-10,10,May,3,202305,Evening,560.65,Weekday
700,74,3,2023-05-11,11,May,4,202305,Morning,3210.78,Weekday
257,62,3,2023-05-11,11,May,4,202305,Afternoon,1139.15,Weekday
110,49,3,2023-05-11,11,May,4,202305,Evening,500.13,Weekday
657,73,3,2023-05-12,12,May,5,202305,Morning,3012.38,Weekday
245,66,3,2023-05-12,12,May,5,202305,Afternoon,1108.95,Weekday
138,54,3,2023-05-12,12,May,5,202305,Evening,559.80,Weekday
744,73,3,2023-05-13,13,May,6,202305,Morning,3503.88,Weekday
268,64,3,2023-05-13,13,May,6,202305,Afternoon,1360.10,Weekday
117,53,3,2023-05-13,13,May,6,202305,Evening,561.55,Weekday
19,19,1,2023-05-13,13,May,6,202305,Night,86.00,Weekday
211,67,3,2023-05-14,14,May,0,202305,Afternoon,1023.60,Weekday
108,56,3,2023-05-14,14,May,0,202305,Evening,544.45,Weekday
12,11,1,2023-05-14,14,May,0,202305,Night,64.53,Weekday
775,76,3,2023-05-15,15,May,1,202305,Morning,3658.78,Weekday
255,60,3,2023-05-15,15,May,1,202305,Afternoon,1082.75,Weekday
279,63,3,2023-05-16,16,May,2,202305,Afternoon,1193.90,Weekday
129,50,3,2023-05-16,16,May,2,202305,Evening,625.60,Weekday
710,70,3,2023-05-17,17,May,3,202305,Morning,3956.80,Weekday
205,59,3,2023-05-17,17,May,3,202305,Afternoon,960.85,Weekday
99,47,3,2023-05-17,17,May,3,202305,Evening,500.35,Weekday
778,76,3,2023-05-18,18,May,4,202305,Morning,3575.49,Weekday
296,66,3,2023-05-18,18,May,4,202305,Afternoon,1407.68,Weekday
828,72,3,2023-05-19,19,May,5,202305,Morning,3858.18,Weekday
247,61,3,2023-05-19,19,May,5,202305,Afternoon,1123.80,Weekday
139,55,3,2023-05-19,19,May,5,202305,Evening,675.90,Weekday
760,75,3,2023-05-20,20,May,6,202305,Morning,3602.10,Weekday
253,65,3,2023-05-20,20,May,6,202305,Afternoon,1216.05,Weekday
134,60,3,2023-05-20,20,May,6,202305,Evening,591.13,Weekday
19,16,1,2023-05-20,20,May,6,202305,Night,110.00,Weekday
664,72,3,2023-05-21,21,May,0,202305,Morning,3407.51,Weekday
236,66,3,2023-05-21,21,May,0,202305,Afternoon,1198.50,Weekday
22,21,1,2023-05-21,21,May,0,202305,Night,141.30,Weekday
620,70,3,2023-05-22,22,May,1,202305,Morning,3194.38,Weekday
617,70,3,2023-05-23,23,May,2,202305,Morning,3154.86,Weekday
290,57,3,2023-05-23,23,May,2,202305,Afternoon,1294.70,Weekday
168,53,3,2023-05-23,23,May,2,202305,Evening,793.35,Weekday
580,71,3,2023-05-24,24,May,3,202305,Morning,2901.10,Weekday
367,57,3,2023-05-24,24,May,3,202305,Afternoon,1717.05,Weekday
157,52,3,2023-05-24,24,May,3,202305,Evening,773.30,Weekday
586,71,3,2023-05-25,25,May,4,202305,Morning,3045.85,Weekday
142,51,3,2023-05-25,25,May,4,202305,Evening,675.55,Weekday
314,59,3,2023-05-26,26,May,5,202305,Afternoon,1490.20,Weekday
174,55,3,2023-05-26,26,May,5,202305,Evening,761.05,Weekday
669,64,3,2023-05-27,27,May,6,202305,Morning,3106.80,Weekday
325,61,3,2023-05-27,27,May,6,202305,Afternoon,1618.00,Weekday
20,17,1,2023-05-27,27,May,6,202305,Night,78.25,Weekday
426,52,3,2023-05-28,28,May,0,202305,Afternoon,1878.60,Weekday
198,49,3,2023-05-28,28,May,0,202305,Evening,809.70,Weekday
337,52,3,2023-05-29,29,May,1,202305,Morning,1470.35,Weekday
401,52,3,2023-05-29,29,May,1,202305,Afternoon,1750.55,Weekday
168,49,3,2023-05-29,29,May,1,202305,Evening,738.60,Weekday
637,73,3,2023-05-30,30,May,2,202305,Morning,3094.88,Weekday
264,57,3,2023-05-30,30,May,2,202305,Afternoon,1246.05,Weekday
121,51,3,2023-05-30,30,May,2,202305,Evening,494.55,Weekday
637,75,3,2023-05-31,31,May,3,202305,Morning,3076.42,Weekday
220,59,3,2023-05-31,31,May,3,202305,Afternoon,1035.51,Weekday
5,5,2,2023-05-31,31,May,3,202305,Night,17.10,Weekday
332,52,3,2023-06-01,1,Jun,4,202306,Morning,1541.90,Weekday
297,52,3,2023-06-02,2,Jun,5,202306,Morning,1291.50,Weekday
544,52,3,2023-06-02,2,Jun,5,202306,Afternoon,2431.30,Weekday
337,51,3,2023-06-03,3,Jun,6,202306,Morning,1513.30,Weekday
286,51,3,2023-06-03,3,Jun,6,202306,Evening,1272.95,Weekday
309,51,3,2023-06-04,4,Jun,0,202306,Morning,1409.90,Weekday
531,52,3,2023-06-04,4,Jun,0,202306,Afternoon,2378.10,Weekday
274,52,3,2023-06-04,4,Jun,0,202306,Evening,1197.15,Weekday
318,51,3,2023-06-05,5,Jun,1,202306,Morning,1349.50,Weekday
545,52,3,2023-06-05,5,Jun,1,202306,Afternoon,2424.70,Weekday
247,52,3,2023-06-05,5,Jun,1,202306,Evening,1136.95,Weekday
305,52,3,2023-06-06,6,Jun,2,202306,Morning,1307.35,Weekday
499,52,3,2023-06-06,6,Jun,2,202306,Afternoon,2204.25,Weekday
237,50,3,2023-06-06,6,Jun,2,202306,Evening,1087.30,Weekday
672,67,3,2023-06-07,7,Jun,3,202306,Morning,3066.90,Weekday
250,56,3,2023-06-07,7,Jun,3,202306,Afternoon,1098.85,Weekday
138,49,2,2023-06-07,7,Jun,3,202306,Evening,612.45,Weekday
23,18,1,2023-06-07,7,Jun,3,202306,Night,104.90,Weekday
346,64,3,2023-06-08,8,Jun,4,202306,Afternoon,1647.23,Weekday
205,67,3,2023-06-08,8,Jun,4,202306,Evening,1047.55,Weekday
10,10,1,2023-06-08,8,Jun,4,202306,Night,42.30,Weekday
259,65,3,2023-06-09,9,Jun,5,202306,Afternoon,1209.69,Weekday
7,7,1,2023-06-09,9,Jun,5,202306,Night,25.95,Weekday
812,72,3,2023-06-10,10,Jun,6,202306,Morning,3751.45,Weekday
277,65,3,2023-06-10,10,Jun,6,202306,Afternoon,1256.15,Weekday
121,52,3,2023-06-10,10,Jun,6,202306,Evening,619.15,Weekday
787,71,3,2023-06-11,11,Jun,0,202306,Morning,3462.98,Weekday
294,66,3,2023-06-11,11,Jun,0,202306,Afternoon,1412.98,Weekday
725,69,3,2023-06-12,12,Jun,1,202306,Morning,3288.00,Weekday
161,55,3,2023-06-12,12,Jun,1,202306,Evening,738.80,Weekday
840,73,3,2023-06-13,13,Jun,2,202306,Morning,3933.11,Weekday
281,66,3,2023-06-13,13,Jun,2,202306,Afternoon,1509.75,Weekday
135,56,3,2023-06-13,13,Jun,2,202306,Evening,626.90,Weekday
824,78,3,2023-06-14,14,Jun,3,202306,Morning,3923.86,Weekday
227,68,3,2023-06-14,14,Jun,3,202306,Afternoon,1199.98,Weekday
125,59,3,2023-06-14,14,Jun,3,202306,Evening,600.65,Weekday
18,14,1,2023-06-14,14,Jun,3,202306,Night,112.03,Weekday
834,76,3,2023-06-15,15,Jun,4,202306,Morning,3939.51,Weekday
144,57,3,2023-06-15,15,Jun,4,202306,Evening,736.50,Weekday
868,75,3,2023-06-16,16,Jun,5,202306,Morning,3929.98,Weekday
337,63,3,2023-06-16,16,Jun,5,202306,Afternoon,1478.15,Weekday
126,50,3,2023-06-16,16,Jun,5,202306,Evening,603.30,Weekday
766,71,3,2023-06-17,17,Jun,6,202306,Morning,4572.35,Weekday
219,61,3,2023-06-17,17,Jun,6,202306,Afternoon,981.90,Weekday
114,51,3,2023-06-17,17,Jun,6,202306,Evening,563.35,Weekday
847,75,3,2023-06-18,18,Jun,0,202306,Morning,3920.66,Weekday
308,65,3,2023-06-18,18,Jun,0,202306,Afternoon,1413.23,Weekday
135,61,3,2023-06-18,18,Jun,0,202306,Evening,692.20,Weekday
904,74,3,2023-06-19,19,Jun,1,202306,Morning,4347.56,Weekday
295,62,3,2023-06-19,19,Jun,1,202306,Afternoon,1269.35,Weekday
144,56,3,2023-06-19,19,Jun,1,202306,Evening,787.00,Weekday
791,75,3,2023-06-20,20,Jun,2,202306,Morning,3555.43,Weekday
129,58,3,2023-06-20,20,Jun,2,202306,Evening,539.03,Weekday
21,18,1,2023-06-20,20,Jun,2,202306,Night,126.40,Weekday
745,74,3,2023-06-21,21,Jun,3,202306,Morning,3728.18,Weekday
260,68,3,2023-06-21,21,Jun,3,202306,Afternoon,1331.60,Weekday
26,23,1,2023-06-21,21,Jun,3,202306,Night,150.30,Weekday
624,68,3,2023-06-22,22,Jun,4,202306,Morning,3103.95,Weekday
364,63,3,2023-06-22,22,Jun,4,202306,Afternoon,1764.65,Weekday
159,58,3,2023-06-22,22,Jun,4,202306,Evening,746.50,Weekday
655,71,3,2023-06-23,23,Jun,5,202306,Morning,3377.61,Weekday
332,60,3,2023-06-23,23,Jun,5,202306,Afternoon,1530.10,Weekday
180,54,3,2023-06-23,23,Jun,5,202306,Evening,874.15,Weekday
653,70,3,2023-06-24,24,Jun,6,202306,Morning,3237.40,Weekday
384,59,3,2023-06-24,24,Jun,6,202306,Afternoon,1812.40,Weekday
177,53,3,2023-06-24,24,Jun,6,202306,Evening,856.30,Weekday
652,70,3,2023-06-25,25,Jun,0,202306,Morning,3260.15,Weekday
362,65,3,2023-06-25,25,Jun,0,202306,Afternoon,1714.95,Weekday
160,52,3,2023-06-25,25,Jun,0,202306,Evening,779.75,Weekday
676,70,3,2023-06-26,26,Jun,1,202306,Morning,3383.65,Weekday
336,60,3,2023-06-26,26,Jun,1,202306,Afternoon,1652.25,Weekday
734,64,3,2023-06-27,27,Jun,2,202306,Morning,3434.40,Weekday
179,56,3,2023-06-27,27,Jun,2,202306,Evening,793.10,Weekday
20,17,1,2023-06-27,27,Jun,2,202306,Night,80.25,Weekday
419,52,3,2023-06-28,28,Jun,3,202306,Morning,1874.00,Weekday
446,52,3,2023-06-28,28,Jun,3,202306,Afternoon,1984.80,Weekday
205,51,3,2023-06-28,28,Jun,3,202306,Evening,870.10,Weekday
365,52,3,2023-06-29,29,Jun,4,202306,Morning,1600.40,Weekday
208,52,3,2023-06-29,29,Jun,4,202306,Evening,935.85,Weekday
729,71,3,2023-06-30,30,Jun,5,202306,Morning,3777.64,Weekday
220,58,3,2023-06-30,30,Jun,5,202306,Afternoon,1045.03,Weekday
104,60,3,2023-04-14,14,Apr,5,202304,Evening,561.95,Weekday
557,69,3,2023-04-20,20,Apr,4,202304,Morning,2532.03,Weekday
318,52,3,2023-05-05,5,May,5,202305,Morning,1353.75,Weekday
255,52,3,2023-05-05,5,May,5,202305,Evening,1145.35,Weekday
630,63,3,2023-05-07,7,May,0,202305,Morning,2871.40,Weekday
24,19,1,2023-05-07,7,May,0,202305,Night,108.00,Weekday
170,60,3,2023-05-08,8,May,1,202305,Evening,830.80,Weekday
740,75,3,2023-05-14,14,May,0,202305,Morning,3420.07,Weekday
126,56,3,2023-05-15,15,May,1,202305,Evening,643.45,Weekday
811,73,3,2023-05-16,16,May,2,202305,Morning,3722.63,Weekday
118,61,3,2023-05-18,18,May,4,202305,Evening,600.30,Weekday
131,54,3,2023-05-21,21,May,0,202305,Evening,623.50,Weekday
337,60,3,2023-05-22,22,May,1,202305,Afternoon,1581.88,Weekday
160,58,3,2023-05-22,22,May,1,202305,Evening,764.90,Weekday
315,63,3,2023-05-25,25,May,4,202305,Afternoon,1509.45,Weekday
601,71,3,2023-05-26,26,May,5,202305,Morning,3049.70,Weekday
169,53,3,2023-05-27,27,May,6,202305,Evening,756.10,Weekday
375,52,3,2023-05-28,28,May,0,202305,Morning,1650.35,Weekday
120,50,3,2023-05-31,31,May,3,202305,Evening,555.10,Weekday
532,52,3,2023-06-01,1,Jun,4,202306,Afternoon,2401.05,Weekday
286,51,3,2023-06-01,1,Jun,4,202306,Evening,1284.05,Weekday
537,52,3,2023-06-03,3,Jun,6,202306,Afternoon,2380.40,Weekday
708,74,3,2023-06-08,8,Jun,4,202306,Morning,3414.51,Weekday
801,74,3,2023-06-09,9,Jun,5,202306,Morning,3883.47,Weekday
157,55,3,2023-06-09,9,Jun,5,202306,Evening,748.05,Weekday
127,56,3,2023-06-11,11,Jun,0,202306,Evening,542.65,Weekday
276,66,3,2023-06-12,12,Jun,1,202306,Afternoon,1301.90,Weekday
25,24,1,2023-06-13,13,Jun,2,202306,Night,119.60,Weekday
259,63,3,2023-06-15,15,Jun,4,202306,Afternoon,1130.23,Weekday
261,64,3,2023-06-20,20,Jun,2,202306,Afternoon,1273.80,Weekday
122,56,3,2023-06-21,21,Jun,3,202306,Evening,598.30,Weekday
183,53,3,2023-06-26,26,Jun,1,202306,Evening,840.00,Weekday
344,60,3,2023-06-27,27,Jun,2,202306,Afternoon,1667.90,Weekday
436,52,3,2023-06-29,29,Jun,4,202306,Afternoon,1914.50,Weekday
139,57,3,2023-06-30,30,Jun,5,202306,Evening,626.30,Weekday
7,7,2,2023-06-30,30,Jun,5,202306,Night,32.35,Weekday
302,52,3,2023-06-02,2,Jun,5,202306,Evening,1333.70,Weekday
